Configuración,Accuracy,Precision,Recall,F1-score,Val. loss,Épocas,Tiempo (s)
Dropout+BatchNorm,0.9585,0.9588,0.9585,0.9586,0.1485,20,54.9
épocas=30 (diagnóstico),0.9545,0.9548,0.9545,0.9545,0.3288,30,100.0
FINAL (ReLU+Dropout+BN+ES),0.9543,0.9545,0.9543,0.9543,0.1615,31,142.6
BatchNorm,0.9542,0.9544,0.9542,0.9542,0.246,20,67.7
"Base (ReLU, lr=0.001, b=64)",0.9542,0.955,0.9542,0.9544,0.2498,15,82.6
Dropout(0.3),0.9535,0.9537,0.9535,0.9535,0.175,20,50.1
loss=MSE,0.9532,0.9534,0.9532,0.9532,0.0074,10,26.8
batch=64,0.9522,0.9526,0.9522,0.9522,0.2357,10,41.5
Sin regularización (20 ép.),0.9522,0.9524,0.9522,0.9522,0.277,20,52.3
batch=256,0.9512,0.9518,0.9512,0.9512,0.1808,10,28.8
act=sigmoid,0.9507,0.9511,0.9507,0.9507,0.1723,10,21.8
batch=128,0.9493,0.9505,0.9493,0.9496,0.2007,10,30.8
lr=0.001,0.9475,0.9479,0.9475,0.9475,0.2397,10,35.0
act=tanh,0.9452,0.9456,0.9452,0.9452,0.2102,10,21.1
batch=32,0.943,0.9442,0.943,0.9431,0.2694,10,68.8
lr=0.0001,0.9343,0.9347,0.9343,0.9344,0.2178,10,44.2
lr=0.01,0.9338,0.9359,0.9338,0.9343,0.332,10,35.7
lr=0.1,0.1817,0.0364,0.1817,0.0606,2.0733,10,44.4
